<?xml version="1.0" encoding="UTF-8" standalone="yes"?>
<addon id="script.pwsink" name="Pipewire Sink Setter" version="1.0.0" provider-name="Heckie">
	<requires>
		<import addon="xbmc.python" version="3.0.0" />
	</requires>
	<extension point="xbmc.python.script" library="addon.py" />
	<extension point="kodi.context.item">
		<menu id="kodi.core.main">
			<item library="addon.py">
				<label>32002</label>
				<visible>true</visible>
			</item>
		</menu>
	</extension>
	<extension point="xbmc.addon.metadata">
		<summary lang="en_GB">Pipewire Sink Setter with Bluethooth support</summary>
		<description lang="en_GB">Pipewire Sink Setter with Bluethooth support</description>
		<disclaimer lang="en_GB"></disclaimer>
		<language>en_GB</language>
		<platform>linux</platform>
		<license>MIT</license>
		<website>https://github.com/Heckie75/kodi-addon-pwsink</website>
		<source>https://github.com/Heckie75/kodi-addon-pwsink</source>
		<news>
		v1.0.0 (2025-04-20)
		- Initial version
		</news>
		<assets>
			<icon>icon.png</icon>
			<screenshot>resources/assets/screenshot_01.png</screenshot>
			<screenshot>resources/assets/screenshot_02.png</screenshot>
			<screenshot>resources/assets/screenshot_03.png</screenshot>
			<screenshot>resources/assets/screenshot_04.png</screenshot>
		</assets>
	</extension>
</addon>
